id;tenant_id;nom;adresse;statut_enrichissement;created_at;updated_at;representant;masque;nom_affiche
8f2be162-ca3f-4f28-82bb-67e8313075ae;aaaaaaaa-aaaa-aaaa-aaaa-aaaaaaaaaaaa;CMB - Artcop;;non_trouve;2026-03-27 19:38:41.109887+00;2026-04-10 10:56:49.431964+00;Jean-Baptiste AUGUSTE;false;
c3b00118-52ba-4483-b3f2-22f1a07d7b72;aaaaaaaa-aaaa-aaaa-aaaa-aaaaaaaaaaaa;Cabinet Jourdan Asnières;;non_traite;2026-03-27 19:38:41.109887+00;2026-03-27 19:38:41.109887+00;REP0003;false;
d25eaded-af84-4109-ab78-239184f6085e;aaaaaaaa-aaaa-aaaa-aaaa-aaaaaaaaaaaa;ACTION AGIR GESTION IMMOBILIERE (A A);2 RUE DE MARLY LE ROI 78150 LE CHESNAY-ROCQUENCOURT;enrichi;2026-03-27 19:38:41.109887+00;2026-03-27 20:11:47.366721+00;REP0008;false;
e5066600-5aa3-417a-84ff-c79875c18d68;aaaaaaaa-aaaa-aaaa-aaaa-aaaaaaaaaaaa;CAB G.T.I. GESTION & TRANSACTION IMMOB (TORRES IMMOBILIER) (GTI IMMOBILIER);7 RUE PAUL VAILLANT COUTURIER 95100 ARGENTEUIL;enrichi;2026-03-27 19:38:41.109887+00;2026-04-01 14:56:41.472644+00;REP0008;false;Cabinet GTI
baa6d69f-f3cb-4e01-916e-2b995cb14c38;aaaaaaaa-aaaa-aaaa-aaaa-aaaaaaaaaaaa;CABINET NATHALIE CREVECOEUR IMMOBILIER;103 GRANDE RUE 78955 CARRIERES-SOUS-POISSY;enrichi;2026-03-27 19:38:41.109887+00;2026-03-27 21:42:06.579014+00;REP0008;false;
2acae119-59df-444c-b29f-d3c3a8ecd5dd;aaaaaaaa-aaaa-aaaa-aaaa-aaaaaaaaaaaa;AGENCE PERARD;24 RUE DU DEPART 95880 ENGHIEN LES BAINS;enrichi;2026-03-27 19:38:41.109887+00;2026-03-27 20:14:57.902174+00;REP0004;false;
40ca9d24-0e73-403c-bee7-9e370209e3fe;aaaaaaaa-aaaa-aaaa-aaaa-aaaaaaaaaaaa;CABINET D. MOISON;66 ROUTE DE SARTROUVILLE 78230 LE PECQ;enrichi;2026-03-27 19:38:41.109887+00;2026-03-27 20:16:24.375918+00;REP0008;false;
a3882507-4a73-46e3-a519-c629cd208c61;aaaaaaaa-aaaa-aaaa-aaaa-aaaaaaaaaaaa;Alizé Square;;a_verifier;2026-03-27 19:38:41.109887+00;2026-03-27 19:40:46.775609+00;REP0004;false;
4588f9e3-45be-4e51-92f5-769923716d4a;aaaaaaaa-aaaa-aaaa-aaaa-aaaaaaaaaaaa;SOGESYM (IFF GERANCE);66 ROUTE DE SARTROUVILLE 78230 LE PECQ;enrichi;2026-03-27 19:38:41.109887+00;2026-03-27 21:21:54.764194+00;REP0008;false;
a1b5f61c-52e3-477e-9054-1579acd94355;aaaaaaaa-aaaa-aaaa-aaaa-aaaaaaaaaaaa;ASA GESTION;;a_verifier;2026-03-27 19:38:41.109887+00;2026-03-27 19:40:47.660338+00;REP0013;false;
38edb0a4-1b33-44e0-b04e-569eb9ea682c;aaaaaaaa-aaaa-aaaa-aaaa-aaaaaaaaaaaa;AGENCE MASSIP MONGAZON;3 RUE ANTOINE COYPEL 78000 VERSAILLES;enrichi;2026-03-27 19:38:41.109887+00;2026-03-27 20:17:54.631836+00;REP0008;false;
9e30f086-323a-45e5-adb5-e4b5c1bc8be7;aaaaaaaa-aaaa-aaaa-aaaa-aaaaaaaaaaaa;ATRIUM Paris 8;;a_verifier;2026-03-27 19:38:41.109887+00;2026-03-27 19:40:48.643184+00;REP0003;false;
30478d15-4f2e-49a4-8eb3-2656e6a04974;aaaaaaaa-aaaa-aaaa-aaaa-aaaaaaaaaaaa;BOTIN Gestion Immobilière;3 RUE TAYLOR, 75010, PARIS;enrichi;2026-03-27 19:38:41.109887+00;2026-03-27 19:40:49.284999+00;REP0006;false;
063ee3ed-8396-40d8-9e28-daa810ab4b73;aaaaaaaa-aaaa-aaaa-aaaa-aaaaaaaaaaaa;Cabinet  ISAMBERT;;a_verifier;2026-03-27 19:38:41.109887+00;2026-03-27 19:40:49.595796+00;REP0003;false;
8e2d0f52-7dd2-4da3-afea-289623417c88;aaaaaaaa-aaaa-aaaa-aaaa-aaaaaaaaaaaa;Cabinet Aventin;;a_verifier;2026-03-27 19:38:41.109887+00;2026-03-27 19:40:49.935408+00;REP0007;false;
c4ebc524-63f6-446a-a947-60e80f34895c;aaaaaaaa-aaaa-aaaa-aaaa-aaaaaaaaaaaa;Cabinet Credassur;;a_verifier;2026-03-27 19:38:41.109887+00;2026-03-27 19:40:50.285417+00;REP0006;false;
c22e12e0-5bae-41a6-94e6-238d5e093988;aaaaaaaa-aaaa-aaaa-aaaa-aaaaaaaaaaaa;Cabinet Dolleans;;a_verifier;2026-03-27 19:38:41.109887+00;2026-03-27 19:40:50.915882+00;REP0006;false;
aeab6092-4d00-4c9f-b95f-bf228f5d4d91;aaaaaaaa-aaaa-aaaa-aaaa-aaaaaaaaaaaa;3C Gestion Immobilière;;non_trouve;2026-03-27 19:38:41.109887+00;2026-04-08 14:58:22.052984+00;REP0006;false;
ad32709e-20e7-42ed-b275-25d336a51520;aaaaaaaa-aaaa-aaaa-aaaa-aaaaaaaaaaaa;Cabinet Jourdan - Boulogne;41 AVENUE ANDRE MORIZET, 92100, BOULOGNE-BILLANCOURT;enrichi;2026-03-27 19:38:41.109887+00;2026-03-27 19:40:52.584643+00;REP0017;false;
0dbbfe67-251a-4ec5-9d3d-b9b91389061f;aaaaaaaa-aaaa-aaaa-aaaa-aaaaaaaaaaaa;Cabinet Jourdan Boulogne;41 AVENUE ANDRE MORIZET, 92100, BOULOGNE-BILLANCOURT;enrichi;2026-03-27 19:38:41.109887+00;2026-03-27 19:40:53.60225+00;REP0002;false;
68f869b4-e996-4549-a920-3bb74e79ff7f;aaaaaaaa-aaaa-aaaa-aaaa-aaaaaaaaaaaa;Cabinet Jourdan Levallois;41 AVENUE ANDRE MORIZET, 92100, BOULOGNE-BILLANCOURT;enrichi;2026-03-27 19:38:41.109887+00;2026-03-27 19:40:53.915204+00;REP0003;false;
73319767-1420-45d6-9104-f72898d53cf7;aaaaaaaa-aaaa-aaaa-aaaa-aaaaaaaaaaaa;Cabinet La Pagerie;;a_verifier;2026-03-27 19:38:41.109887+00;2026-03-27 19:40:54.234763+00;REP0003;false;
157f16cc-986e-402f-a583-4e44a8d8edaf;aaaaaaaa-aaaa-aaaa-aaaa-aaaaaaaaaaaa;Cabinet Laty;;a_verifier;2026-03-27 19:38:41.109887+00;2026-03-27 19:40:54.665965+00;REP0002;false;
fd799373-f4c0-4bb5-8c3a-1b4ba601bee6;aaaaaaaa-aaaa-aaaa-aaaa-aaaaaaaaaaaa;Cabinet Mazet;;a_verifier;2026-03-27 19:38:41.109887+00;2026-03-27 19:40:54.998516+00;REP0002;false;
95fe7d65-e372-435e-b994-c93c71fc6dd0;aaaaaaaa-aaaa-aaaa-aaaa-aaaaaaaaaaaa;Cegestim;;a_verifier;2026-03-27 19:38:41.109887+00;2026-03-27 19:40:57.154257+00;REP0007;false;
9932baff-7956-4712-a943-586738c35cdd;aaaaaaaa-aaaa-aaaa-aaaa-aaaaaaaaaaaa;CENTURY 21 L'AMI IMMOBILIER SYNDIC;;non_trouve;2026-03-27 19:38:41.109887+00;2026-03-27 19:40:57.797688+00;REP0006;false;
508b6f17-50a5-49e2-85b4-be4e81290f0c;aaaaaaaa-aaaa-aaaa-aaaa-aaaaaaaaaaaa;Citya Château Neuf;4 RUE DES COCHES, 78100, SAINT-GERMAIN-EN-LAYE;enrichi;2026-03-27 19:38:41.109887+00;2026-03-27 19:40:58.422422+00;REP0004;false;
b15d082e-3ea1-4402-86b2-d93a77b2051b;aaaaaaaa-aaaa-aaaa-aaaa-aaaaaaaaaaaa;Citya Gatfic;2 RUE MARIE SKLODOWSKA, 95150, TAVERNY;enrichi;2026-03-27 19:38:41.109887+00;2026-03-27 19:40:58.71407+00;REP0007;false;
f62527e6-b0af-4034-add8-d301abc77c67;aaaaaaaa-aaaa-aaaa-aaaa-aaaaaaaaaaaa;Citya Immobilier;;a_verifier;2026-03-27 19:38:41.109887+00;2026-03-27 19:40:59.386554+00;REP0008;false;
ffab8dcd-17df-4177-b2a8-bd73318259c3;aaaaaaaa-aaaa-aaaa-aaaa-aaaaaaaaaaaa;Citya Val d'Ouest;38 RUE ALBERT SARRAUT, 78000, VERSAILLES;enrichi;2026-03-27 19:38:41.109887+00;2026-03-27 19:40:59.768939+00;REP0017;false;
d2c626dd-ffb4-4cdb-8d38-e6bcf7064e74;aaaaaaaa-aaaa-aaaa-aaaa-aaaaaaaaaaaa;COTOIT;14 BOULEVARD ROCHEPLATTE, 45000, ORLEANS;enrichi;2026-03-27 19:38:41.109887+00;2026-03-27 19:41:00.998621+00;REP0008;false;
ca8fee84-12f3-40c5-af65-832950db9ce0;aaaaaaaa-aaaa-aaaa-aaaa-aaaaaaaaaaaa;A & L GESTION (A & L GESTION);1 RUE DE LA MALMAISON 95500 GONESSE;enrichi;2026-03-27 19:38:41.109887+00;2026-03-28 06:51:02.148123+00;REP0007;false;
e2adf153-cd0f-4c13-8784-c9f73c70db27;aaaaaaaa-aaaa-aaaa-aaaa-aaaaaaaaaaaa;DEFI CONSEIL IMMOBILIER;6 RUE BREY, 75017, PARIS;enrichi;2026-03-27 19:38:41.109887+00;2026-03-27 19:41:02.364384+00;REP0003;false;
bc89b485-3d47-45e6-94eb-b400b0f4ff37;aaaaaaaa-aaaa-aaaa-aaaa-aaaaaaaaaaaa;DIMORA;;a_verifier;2026-03-27 19:38:41.109887+00;2026-03-27 19:41:02.668938+00;REP0002;false;
50c70fcb-cad5-4e14-88cd-2ade13f6f142;aaaaaaaa-aaaa-aaaa-aaaa-aaaaaaaaaaaa;DPS;;a_verifier;2026-03-27 19:38:41.109887+00;2026-03-27 19:41:02.981841+00;REP0013;false;
cc88e578-1120-4027-8ea3-4df42d91b2f4;aaaaaaaa-aaaa-aaaa-aaaa-aaaaaaaaaaaa;ELIMMO Gestion;;a_verifier;2026-03-27 19:38:41.109887+00;2026-03-27 19:41:03.641166+00;REP0017;false;
6beb345f-83e2-4864-a4a5-348e38b7cff6;aaaaaaaa-aaaa-aaaa-aaaa-aaaaaaaaaaaa;EXELIA;;a_verifier;2026-03-27 19:38:41.109887+00;2026-03-27 19:41:03.943917+00;REP0007;false;
9ad69bb5-30a3-40dd-b80f-c2daaefc79c8;aaaaaaaa-aaaa-aaaa-aaaa-aaaaaaaaaaaa;FONCIA / RBH Scholer;;non_trouve;2026-03-27 19:38:41.109887+00;2026-03-27 19:41:04.295609+00;REP0017;false;
673c8f54-489d-4620-b27d-f8ff538512f0;aaaaaaaa-aaaa-aaaa-aaaa-aaaaaaaaaaaa;Foncia Agence Centrale;;a_verifier;2026-03-27 19:38:41.109887+00;2026-03-27 19:41:04.640344+00;REP0017;false;
1aa23351-0495-4ea2-b7dd-385c42ff8eab;aaaaaaaa-aaaa-aaaa-aaaa-aaaaaaaaaaaa;Foncia Lacombe;;a_verifier;2026-03-27 19:38:41.109887+00;2026-03-27 19:41:05.300533+00;REP0003;false;
dfa02841-830a-4eb9-aec7-8806585ba282;aaaaaaaa-aaaa-aaaa-aaaa-aaaaaaaaaaaa;Foncia Lacombe - Saint Gratien;;a_verifier;2026-03-27 19:38:41.109887+00;2026-03-27 19:41:05.67123+00;REP0008;false;
872e9e24-91f9-4cbc-a9e0-768f4bedc0cf;aaaaaaaa-aaaa-aaaa-aaaa-aaaaaaaaaaaa;AGES2P Savier;BOULEVARD DE LA REPUBLIQUE, 92210, SAINT-CLOUD;enrichi;2026-03-27 19:38:41.109887+00;2026-03-27 19:41:16.190661+00;REP0002;false;
1e19b8f0-b6d0-4dec-95ae-42497e14f85d;aaaaaaaa-aaaa-aaaa-aaaa-aaaaaaaaaaaa;Cabinet Dubreuil;;a_verifier;2026-03-27 19:38:41.109887+00;2026-03-27 19:41:17.549665+00;REP0007;false;
3d46f3fa-aeb1-4c99-b3cc-124d9ee78e19;aaaaaaaa-aaaa-aaaa-aaaa-aaaaaaaaaaaa;Cabinet Jean Charpentier Saint Maur des Fossés;;non_trouve;2026-03-27 19:38:41.109887+00;2026-03-27 19:41:18.188108+00;REP0006;false;
e1396aac-d213-492e-bf13-74a4f9bc99e8;aaaaaaaa-aaaa-aaaa-aaaa-aaaaaaaaaaaa;Cabinet Philippe LATY;;non_trouve;2026-03-27 19:38:41.109887+00;2026-03-27 19:41:18.804684+00;REP0013;false;
36b5c3ef-5d9c-45de-af41-fcf0fd02acba;aaaaaaaa-aaaa-aaaa-aaaa-aaaaaaaaaaaa;Cabinet SOGI;;non_trouve;2026-03-27 19:38:41.109887+00;2026-03-27 19:41:19.133865+00;REP0003;false;
2140988a-8f70-4499-b220-c19a55e239b2;aaaaaaaa-aaaa-aaaa-aaaa-aaaaaaaaaaaa;Cabinet SSB;64 RUE DE ROME, 75008, PARIS;enrichi;2026-03-27 19:38:41.109887+00;2026-03-27 19:41:19.776616+00;REP0008;false;
b129585c-3ff4-46a0-89f1-c4a3dd3d9d38;aaaaaaaa-aaaa-aaaa-aaaa-aaaaaaaaaaaa;CENTURY 21 L'Ami Immobilier Conseil;;a_verifier;2026-03-27 19:38:41.109887+00;2026-03-27 19:41:20.140062+00;REP0003;false;
73dfee29-53b5-4416-b1eb-566e39f004b7;aaaaaaaa-aaaa-aaaa-aaaa-aaaaaaaaaaaa;Century 21 Syndixis;3 RUE DES CEVENNES, 91090, LISSES;enrichi;2026-03-27 19:38:41.109887+00;2026-03-27 19:41:21.114567+00;REP0003;false;
898724b1-cb89-4d42-8a93-82de7369fdc3;aaaaaaaa-aaaa-aaaa-aaaa-aaaaaaaaaaaa;Decathlon SE;;a_verifier;2026-03-27 19:38:41.109887+00;2026-03-27 19:41:21.507468+00;REP0002;false;
8fb5d7d4-b6a3-4dc3-a97e-754ab921075c;aaaaaaaa-aaaa-aaaa-aaaa-aaaaaaaaaaaa;DUBREUIL Immobilier;;a_verifier;2026-03-27 19:38:41.109887+00;2026-03-27 19:41:21.884558+00;REP0003;false;
777deb99-8881-4630-b585-aba8efe19122;aaaaaaaa-aaaa-aaaa-aaaa-aaaaaaaaaaaa;A l'unisson;;a_verifier;2026-03-27 19:38:41.109887+00;2026-03-27 19:42:09.182454+00;REP0003;false;
cb254d51-6aa0-46e3-bcbf-46145f4162ab;aaaaaaaa-aaaa-aaaa-aaaa-aaaaaaaaaaaa;ASL Gestion;;a_verifier;2026-03-27 19:38:41.109887+00;2026-03-27 19:42:09.491436+00;REP0013;false;
d443f006-aea0-4ee1-8d2d-03ba5aaf2e26;aaaaaaaa-aaaa-aaaa-aaaa-aaaaaaaaaaaa;Cabinet Sologne Immobilier;;a_verifier;2026-03-27 19:38:41.109887+00;2026-03-27 19:42:10.263225+00;REP0007;false;
6badb690-3134-43cd-9c84-66d8eaba6059;aaaaaaaa-aaaa-aaaa-aaaa-aaaaaaaaaaaa;Adominium;3 RUE DE PONTOISE, 78100, SAINT-GERMAIN-EN-LAYE;enrichi;2026-03-27 19:32:41.411523+00;2026-03-27 19:45:57.697142+00;REP0008;false;
8cae18bd-0c9c-485a-9ded-585327a91135;aaaaaaaa-aaaa-aaaa-aaaa-aaaaaaaaaaaa;Foncia Mansart - Montigny le Bretonneux;;non_traite;2026-03-27 19:38:41.109887+00;2026-03-27 19:38:41.109887+00;REP0017;false;
2f8edf2e-c9f2-47da-999c-316f4234bbad;aaaaaaaa-aaaa-aaaa-aaaa-aaaaaaaaaaaa;Foncia Mansart Saint Germain;10 RUE ALFRED COUTURIER, 78160, MARLY-LE-ROI;enrichi;2026-03-27 19:38:41.109887+00;2026-03-27 19:41:07.2827+00;REP0008;false;
f5ed6c66-888a-4e4a-b44e-f20587e8c233;aaaaaaaa-aaaa-aaaa-aaaa-aaaaaaaaaaaa;Foncia Seine Ouest;;a_verifier;2026-03-27 19:38:41.109887+00;2026-03-27 19:41:07.935899+00;REP0003;false;
8544d836-b6b4-4752-93e6-08fb99b2b3fa;aaaaaaaa-aaaa-aaaa-aaaa-aaaaaaaaaaaa;Foncia SENART GATINAIS;22 RUE DU GENERAL LECLERC, 91100, CORBEIL-ESSONNES;enrichi;2026-03-27 19:38:41.109887+00;2026-03-27 19:41:08.262864+00;REP0006;false;
11effe32-815d-447a-8488-fc24e98513ea;aaaaaaaa-aaaa-aaaa-aaaa-aaaaaaaaaaaa;GIF Immobilier;;a_verifier;2026-03-27 19:38:41.109887+00;2026-03-27 19:41:08.898962+00;REP0003;false;
1c1eb6ad-fba9-41a5-a74e-b59d61bc9430;aaaaaaaa-aaaa-aaaa-aaaa-aaaaaaaaaaaa;GIM;;a_verifier;2026-03-27 19:38:41.109887+00;2026-03-27 19:41:09.230582+00;REP0008;false;
19a389cc-7f1b-444a-a2a8-aa8f3e0b20f1;aaaaaaaa-aaaa-aaaa-aaaa-aaaaaaaaaaaa;Lamy Le Chesnay;;a_verifier;2026-03-27 19:38:41.109887+00;2026-03-27 21:42:50.857147+00;REP0017;false;
acfb8082-48a1-4e5c-85c0-e3238e047156;aaaaaaaa-aaaa-aaaa-aaaa-aaaaaaaaaaaa;GRATADE;;a_verifier;2026-03-27 19:38:41.109887+00;2026-03-27 19:41:10.304928+00;REP0017;false;
f837577d-3341-4d9f-bd03-13b3a660e7a8;aaaaaaaa-aaaa-aaaa-aaaa-aaaaaaaaaaaa;Greenbirdie;;a_verifier;2026-03-27 19:38:41.109887+00;2026-03-27 19:41:10.621735+00;REP0002;false;
15f2f4bb-ba52-471d-b56c-9a5e2ef9271d;aaaaaaaa-aaaa-aaaa-aaaa-aaaaaaaaaaaa;Groupe Manuel;;a_verifier;2026-03-27 19:38:41.109887+00;2026-03-27 19:41:10.979551+00;REP0002;false;
e189de33-e148-43d7-8182-1389dd9ac380;aaaaaaaa-aaaa-aaaa-aaaa-aaaaaaaaaaaa;Loiselet & Daigremont;;enrichi;2026-03-27 19:38:41.109887+00;2026-03-27 21:43:51.104394+00;REP0008;false;
873047d1-a07c-4fb3-8641-d883f92f2028;aaaaaaaa-aaaa-aaaa-aaaa-aaaaaaaaaaaa;Hôtel Le Dôme;;a_verifier;2026-03-27 19:38:41.109887+00;2026-03-27 19:41:12.588186+00;REP0011;false;
02619385-e6c7-4e44-bb82-a3a42d41635e;aaaaaaaa-aaaa-aaaa-aaaa-aaaaaaaaaaaa;M. POUILLOUX;;a_verifier;2026-03-27 19:38:41.109887+00;2026-03-27 21:41:45.668777+00;REP0008;true;
ed68da1e-8e7a-4ea3-b222-58424ef3bae2;aaaaaaaa-aaaa-aaaa-aaaa-aaaaaaaaaaaa;Immogest92;;non_trouve;2026-03-27 19:38:41.109887+00;2026-03-27 19:41:13.480339+00;REP0003;false;
9cbe0cbc-3543-43f5-a9fe-de794d85c21d;aaaaaaaa-aaaa-aaaa-aaaa-aaaaaaaaaaaa;JBC Immobilier;;a_verifier;2026-03-27 19:38:41.109887+00;2026-03-27 19:41:13.830772+00;REP0008;false;
f5df95be-7e66-44fc-a4d2-1d95c3316ac4;aaaaaaaa-aaaa-aaaa-aaaa-aaaaaaaaaaaa;JP2L;;a_verifier;2026-03-27 19:38:41.109887+00;2026-03-27 19:41:14.151301+00;REP0006;false;
f7a1dbb3-247f-4c23-869f-ff029d8a766f;aaaaaaaa-aaaa-aaaa-aaaa-aaaaaaaaaaaa;Lamy Bois Colombes;;a_verifier;2026-03-27 19:38:41.109887+00;2026-03-27 19:41:15.15694+00;REP0013;false;
e20855f5-2bfb-4d80-9c60-ac11613ab40f;aaaaaaaa-aaaa-aaaa-aaaa-aaaaaaaaaaaa;LEROY MERLIN;;a_verifier;2026-03-27 19:38:41.109887+00;2026-04-08 14:58:22.052984+00;REP0002;false;
8da4e378-5040-4a4a-af34-273425577097;aaaaaaaa-aaaa-aaaa-aaaa-aaaaaaaaaaaa;PARTICULIER;;a_verifier;2026-03-27 19:38:41.109887+00;2026-03-27 19:41:35.301027+00;REP0003;false;
f6edee92-557b-447e-a0f1-450f7d31955d;aaaaaaaa-aaaa-aaaa-aaaa-aaaaaaaaaaaa;Pierre De Ville;;a_verifier;2026-03-27 19:38:41.109887+00;2026-03-27 19:41:36.067129+00;REP0008;false;
6f4d514d-6ce5-4bb6-8ea6-5b7705d8b4e4;aaaaaaaa-aaaa-aaaa-aaaa-aaaaaaaaaaaa;Le meteor C/O Triconic;;non_trouve;2026-03-27 19:38:41.109887+00;2026-03-27 19:41:16.933603+00;REP0010;false;
d1974e16-03f1-416b-9785-d20dae3ece77;aaaaaaaa-aaaa-aaaa-aaaa-aaaaaaaaaaaa;Léon Grosse;;a_verifier;2026-03-27 19:38:41.109887+00;2026-03-27 19:41:27.017732+00;REP0006;false;
03c98f34-12e8-4ebc-80db-f653827cd343;aaaaaaaa-aaaa-aaaa-aaaa-aaaaaaaaaaaa;RATP;;a_verifier;2026-03-27 19:38:41.109887+00;2026-03-27 19:41:37.329566+00;REP0002;false;
77d3a8c7-0e66-4b1d-ab22-a5d2a9deb40f;aaaaaaaa-aaaa-aaaa-aaaa-aaaaaaaaaaaa;Loiselet Daigremont;;a_verifier;2026-03-27 19:38:41.109887+00;2026-03-27 19:41:28.39034+00;REP0008;false;
d4104050-1548-44e0-9032-4a070e54b538;aaaaaaaa-aaaa-aaaa-aaaa-aaaaaaaaaaaa;REAL 31 Houilles;31 RUE DU PRIEURE, 78600, MAISONS-LAFFITTE;enrichi;2026-03-27 19:38:41.109887+00;2026-03-27 19:41:28.758486+00;REP0008;false;
bb8fd7ab-74e1-494a-8278-1f186a7dd913;aaaaaaaa-aaaa-aaaa-aaaa-aaaaaaaaaaaa;M PLESSIS;;a_verifier;2026-03-27 19:38:41.109887+00;2026-03-27 21:41:48.158436+00;REP0008;true;
075cab08-88bc-412d-ba91-a4c47e99efa5;aaaaaaaa-aaaa-aaaa-aaaa-aaaaaaaaaaaa;M. PARENT;;a_verifier;2026-03-27 19:38:41.109887+00;2026-03-27 21:41:47.135506+00;REP0008;true;
d96dd678-9de8-459c-a510-34e6e9df5beb;aaaaaaaa-aaaa-aaaa-aaaa-aaaaaaaaaaaa;M. Winczura Mme Renault;;non_trouve;2026-03-27 19:38:41.109887+00;2026-03-27 19:41:31.298934+00;REP0006;false;
917ac4f9-6198-4388-a692-f75c0d95d59a;aaaaaaaa-aaaa-aaaa-aaaa-aaaaaaaaaaaa;MANDA Syndic;;a_verifier;2026-03-27 19:38:41.109887+00;2026-03-27 19:41:31.940721+00;REP0013;false;
2edc0293-51f4-4c72-b85b-6e5e197ab561;aaaaaaaa-aaaa-aaaa-aaaa-aaaaaaaaaaaa;Mairie Maison Alfort;;a_verifier;2026-03-27 19:38:41.109887+00;2026-03-27 19:41:22.169256+00;REP0006;false;
5dfa5511-6071-4c70-8b59-7eb08632dea9;aaaaaaaa-aaaa-aaaa-aaaa-aaaaaaaaaaaa;MATERA;;a_verifier;2026-03-27 19:38:41.109887+00;2026-03-27 19:41:32.298622+00;REP0003;false;
137969f1-1e97-477e-9bd9-f71c1157a28b;aaaaaaaa-aaaa-aaaa-aaaa-aaaaaaaaaaaa;MAVILLE IMMOBILIER PARIS 16;;non_trouve;2026-03-27 19:38:41.109887+00;2026-03-27 19:41:32.942521+00;REP0006;false;
5b156501-509a-44c7-b47c-a9019c6251cf;aaaaaaaa-aaaa-aaaa-aaaa-aaaaaaaaaaaa;MAVILLE IMMOBILIER ADB OUEST;14 AVENUE PIERRE CURIE, 78210, SAINT-CYR-L'ECOLE;enrichi;2026-03-27 19:38:41.109887+00;2026-03-27 19:41:23.169688+00;REP0006;false;
5470ca33-fed8-4342-b03f-4c038ad383c7;aaaaaaaa-aaaa-aaaa-aaaa-aaaaaaaaaaaa;Mme FRANCE;;a_verifier;2026-03-27 19:38:41.109887+00;2026-03-27 19:41:33.307523+00;REP0016;false;
383b2ec6-b76d-4183-b160-f9da4877a562;aaaaaaaa-aaaa-aaaa-aaaa-aaaaaaaaaaaa;H Gestion et Conseils;;a_verifier;2026-03-27 19:38:41.109887+00;2026-03-27 19:41:23.518236+00;REP0003;false;
9c9e6996-df70-4dce-a965-0d12d6bc0585;aaaaaaaa-aaaa-aaaa-aaaa-aaaaaaaaaaaa;Hauban Immobilier;;a_verifier;2026-03-27 19:38:41.109887+00;2026-03-27 19:41:23.855644+00;REP0004;false;
2f69c61c-f064-4bbc-8858-f9415277e52c;aaaaaaaa-aaaa-aaaa-aaaa-aaaaaaaaaaaa;Nexity Montigny;;non_trouve;2026-03-27 19:38:41.109887+00;2026-03-27 19:41:33.899651+00;REP0006;false;
5f192cf2-44c5-4908-83a5-ca21574f3bd0;aaaaaaaa-aaaa-aaaa-aaaa-aaaaaaaaaaaa;Homeland;;a_verifier;2026-03-27 19:38:41.109887+00;2026-03-27 19:41:24.208757+00;REP0006;false;
a02411c1-5cee-43ff-9fce-11888dff2fec;aaaaaaaa-aaaa-aaaa-aaaa-aaaaaaaaaaaa;Montfort & Bon;;a_verifier;2026-03-27 19:38:41.109887+00;2026-03-27 19:41:24.23139+00;REP0006;false;
50e1ac29-89be-4074-b566-f2e78ec41a1f;aaaaaaaa-aaaa-aaaa-aaaa-aaaaaaaaaaaa;OLTGI;154 RUE JEAN JAURES, 92800, PUTEAUX;enrichi;2026-03-27 19:38:41.109887+00;2026-03-27 19:41:34.233962+00;REP0013;false;
568449a6-59ae-4a8a-8a6b-ad88bdb8fb36;aaaaaaaa-aaaa-aaaa-aaaa-aaaaaaaaaaaa;iGestion;;a_verifier;2026-03-27 19:38:41.109887+00;2026-03-27 19:41:24.545038+00;REP0003;false;
905c94fa-312b-40cc-bfef-aa9a7552241e;aaaaaaaa-aaaa-aaaa-aaaa-aaaaaaaaaaaa;Lamy Montigny;;a_verifier;2026-03-27 19:38:41.109887+00;2026-03-27 19:41:25.237758+00;REP0003;false;
440db642-1b7e-49c4-ab7c-178c49178f6c;aaaaaaaa-aaaa-aaaa-aaaa-aaaaaaaaaaaa;Lamy Poissy;;a_verifier;2026-03-27 19:38:41.109887+00;2026-03-27 19:41:25.651115+00;REP0003;false;
48546970-bc82-4ab1-b027-c3816bc5a526;aaaaaaaa-aaaa-aaaa-aaaa-aaaaaaaaaaaa;LB  Constructions;;a_verifier;2026-03-27 19:38:41.109887+00;2026-03-27 19:41:26.014469+00;REP0011;false;
0c5aae6c-9be7-4b14-943e-5dfa9ee8e321;aaaaaaaa-aaaa-aaaa-aaaa-aaaaaaaaaaaa;Premier Appart.com;;non_trouve;2026-03-27 19:38:41.109887+00;2026-03-27 19:41:36.68395+00;REP0003;false;
db8b57bf-665d-445d-91f2-74d1a16ad2e8;aaaaaaaa-aaaa-aaaa-aaaa-aaaaaaaaaaaa;Lema Immobilier;;a_verifier;2026-03-27 19:38:41.109887+00;2026-03-27 19:41:26.650517+00;REP0016;false;
ee303e32-77a5-4360-8a89-200c71938f4c;aaaaaaaa-aaaa-aaaa-aaaa-aaaaaaaaaaaa;REAL 31;;a_verifier;2026-03-27 19:38:41.109887+00;2026-03-27 19:41:37.720064+00;REP0007;false;
00a68673-e271-4760-85c7-02fc7b957360;aaaaaaaa-aaaa-aaaa-aaaa-aaaaaaaaaaaa;Loiselet & Daigremont Poissy;35 AVENUE ANDRE MORIZET, 92100, BOULOGNE-BILLANCOURT;enrichi;2026-03-27 19:38:41.109887+00;2026-03-27 19:41:28.044712+00;REP0008;false;
245e74b7-4b0e-4dee-a266-6756da506d21;aaaaaaaa-aaaa-aaaa-aaaa-aaaaaaaaaaaa;OPTIMMO GESTION;;a_verifier;2026-03-27 19:38:41.109887+00;2026-03-27 19:41:34.621176+00;REP0003;false;
55c03c40-6c35-4775-83ae-a6f44d7b3f4b;aaaaaaaa-aaaa-aaaa-aaaa-aaaaaaaaaaaa;PATRIARCA;;a_verifier;2026-03-27 19:38:41.109887+00;2026-03-27 19:41:35.623607+00;REP0011;false;
1e277c5a-3684-48d6-8656-8ed29504fdcb;aaaaaaaa-aaaa-aaaa-aaaa-aaaaaaaaaaaa;PRO.GESTION;;a_verifier;2026-03-27 19:38:41.109887+00;2026-03-27 19:41:36.99676+00;REP0004;false;
a8564097-34f1-43ac-93d2-5d32b1883adc;aaaaaaaa-aaaa-aaaa-aaaa-aaaaaaaaaaaa;REAL 31 Agence de Houilles;;non_trouve;2026-03-27 19:38:41.109887+00;2026-03-27 19:41:38.03094+00;REP0008;false;
a61b74fa-247c-4aa3-8e3f-a796465ff214;aaaaaaaa-aaaa-aaaa-aaaa-aaaaaaaaaaaa;Regie Pozetto;;a_verifier;2026-03-27 19:38:41.109887+00;2026-03-27 19:41:39.090234+00;REP0011;false;
8ab68812-d8a4-4466-98fd-9dc443c59d2c;aaaaaaaa-aaaa-aaaa-aaaa-aaaaaaaaaaaa;FONCIA RENOIR;97 AV DU MARECHAL FOCH 78400 CHATOU;enrichi;2026-03-27 19:38:41.109887+00;2026-03-27 21:22:19.280683+00;REP0008;false;
ff376edd-68a7-4510-bee9-641c292f4ba3;aaaaaaaa-aaaa-aaaa-aaaa-aaaaaaaaaaaa;Giverdon immobilier;;a_verifier;2026-03-27 19:38:41.109887+00;2026-03-27 19:42:11.195393+00;REP0011;false;
5b858728-937e-4fec-bce4-31426ea6f939;aaaaaaaa-aaaa-aaaa-aaaa-aaaaaaaaaaaa;M. GILBERT;;a_verifier;2026-03-27 19:38:41.109887+00;2026-03-27 19:42:11.884606+00;REP0017;false;
4683af64-364c-4c4c-b348-0ec415b08094;aaaaaaaa-aaaa-aaaa-aaaa-aaaaaaaaaaaa;Plisson immobilier;;a_verifier;2026-03-27 19:38:41.109887+00;2026-03-27 19:42:12.22083+00;REP0016;false;
82b561fb-9d42-4a29-bb5b-e9a018640047;aaaaaaaa-aaaa-aaaa-aaaa-aaaaaaaaaaaa;FONCIA LVM;4 BOULEVARD DE LA GARE, 95210, SAINT-GRATIEN;enrichi;2026-03-27 19:38:41.109887+00;2026-03-27 19:45:17.646559+00;REP0004;false;
a7cb4a77-16d1-493e-9d87-890961f81dd3;aaaaaaaa-aaaa-aaaa-aaaa-aaaaaaaaaaaa;SCI M.Sarah;;non_traite;2026-03-27 19:38:41.109887+00;2026-03-27 19:38:41.109887+00;REP0002;false;
d70a9ec9-f21a-48e3-ac9e-307ea6ffdf90;aaaaaaaa-aaaa-aaaa-aaaa-aaaaaaaaaaaa;BATEG C/O Université grenoble;;non_trouve;2026-03-27 19:38:41.109887+00;2026-03-27 19:40:48.959425+00;REP0010;false;
ba51c026-8f2f-4fee-a5e2-2afec8662b2e;aaaaaaaa-aaaa-aaaa-aaaa-aaaaaaaaaaaa;Cabinet Jourdan - Levallois;41 AVENUE ANDRE MORIZET, 92100, BOULOGNE-BILLANCOURT;enrichi;2026-03-27 19:38:41.109887+00;2026-03-27 19:40:52.954475+00;REP0016;false;
83aec924-80dc-4117-9d68-7fe709a64aa6;aaaaaaaa-aaaa-aaaa-aaaa-aaaaaaaaaaaa;Cabinet Warren Buttes Chaumont;43 RUE D'HAUTPOUL, 75019, PARIS;enrichi;2026-03-27 19:38:41.109887+00;2026-03-27 19:40:56.869341+00;REP0004;false;
f4be860e-8d8c-491a-b4c6-8bb934d6648c;aaaaaaaa-aaaa-aaaa-aaaa-aaaaaaaaaaaa;Cogefo Rompteaux;76 AVENUE CARNOT, 78500, SARTROUVILLE;enrichi;2026-03-27 19:38:41.109887+00;2026-03-27 19:41:00.354607+00;REP0002;false;
68b4dcfd-2a14-4f8e-b02f-5e1b2c675f36;aaaaaaaa-aaaa-aaaa-aaaa-aaaaaaaaaaaa;Foncia Bourel;5 RUE DU PAYS DE FRANCE, 95000, CERGY;enrichi;2026-03-27 19:38:41.109887+00;2026-03-27 19:41:04.995782+00;REP0002;false;
41061549-332f-4384-98ba-758fa365494e;aaaaaaaa-aaaa-aaaa-aaaa-aaaaaaaaaaaa;Foncia LVM;4 BOULEVARD DE LA GARE, 95210, SAINT-GRATIEN;enrichi;2026-03-27 19:38:41.109887+00;2026-03-27 19:41:06.019355+00;REP0004;false;
170c14f8-d227-405f-a6c0-349aa6c73c05;aaaaaaaa-aaaa-aaaa-aaaa-aaaaaaaaaaaa;Foncia Mansart;10 RUE ALFRED COUTURIER, 78160, MARLY-LE-ROI;enrichi;2026-03-27 19:38:41.109887+00;2026-03-27 19:41:06.639851+00;REP0008;false;
9a644e00-42c0-412e-9d52-f26403165a92;aaaaaaaa-aaaa-aaaa-aaaa-aaaaaaaaaaaa;Foncia Vaucelles;14 RUE DE PARIS, 95150, TAVERNY;enrichi;2026-03-27 19:38:41.109887+00;2026-03-27 19:41:08.566515+00;REP0004;false;
98d962fa-59fa-4001-91b1-31b203eedbd0;aaaaaaaa-aaaa-aaaa-aaaa-aaaaaaaaaaaa;Kinepolis-Bourgoin;6 PLACE JEAN JACQUES ROUSSEAU, 38300, BOURGOIN-JALLIEU;enrichi;2026-03-27 19:38:41.109887+00;2026-03-27 19:41:14.500675+00;REP0011;false;
7987df63-014b-4cd9-8adf-ce4ed6c96f2d;aaaaaaaa-aaaa-aaaa-aaaa-aaaaaaaaaaaa;Cabinet Immobilier Ducreux Gérald;3 AVENUE DE CHATEAU DU LOIR, 92400, COURBEVOIE;enrichi;2026-03-27 19:38:41.109887+00;2026-03-27 19:41:17.87605+00;REP0003;false;
40fe6c45-c3f9-4dd9-9f25-4d16c29f53dd;aaaaaaaa-aaaa-aaaa-aaaa-aaaaaaaaaaaa;M et Mme Brissart;16 RUE ALEXANDRE DESROUSSEAUX-LILLE, 59000, LILLE;enrichi;2026-03-27 19:38:41.109887+00;2026-03-27 19:41:19.863419+00;REP0006;false;
a90b89ad-9c39-4e3f-8d1f-d36e1ce69728;aaaaaaaa-aaaa-aaaa-aaaa-aaaaaaaaaaaa;LACAZE & HENRY Immobilier;3 RUE REAUMUR, 77380, COMBS-LA-VILLE;enrichi;2026-03-27 19:38:41.109887+00;2026-03-27 19:41:24.865508+00;REP0003;false;
999d0e25-84a9-4ab2-9ca4-c6099bc5d724;aaaaaaaa-aaaa-aaaa-aaaa-aaaaaaaaaaaa;SAS Saint-Quentin-Gestion pm;;non_trouve;2026-03-27 19:38:41.109887+00;2026-03-27 19:41:29.715205+00;REP0013;false;
665f60ea-d89a-414e-abbd-524f952c6b2b;aaaaaaaa-aaaa-aaaa-aaaa-aaaaaaaaaaaa;Vinci Facilities;;a_verifier;2026-03-27 19:38:41.109887+00;2026-03-27 19:41:48.061824+00;REP0007;false;
c0704b10-458b-4823-82b5-9b838e2aef72;aaaaaaaa-aaaa-aaaa-aaaa-aaaaaaaaaaaa;SDC A2I;;non_trouve;2026-03-27 19:38:41.109887+00;2026-03-27 19:41:31.285038+00;REP0002;false;
dbdbc901-edd0-41ae-b22d-52701954ffb3;aaaaaaaa-aaaa-aaaa-aaaa-aaaaaaaaaaaa;SDC Cabinet Sologne;;non_trouve;2026-03-27 19:38:41.109887+00;2026-03-27 19:41:31.891301+00;REP0007;false;
6bf72b3b-f3e5-4a77-b6b7-68fdd3125362;aaaaaaaa-aaaa-aaaa-aaaa-aaaaaaaaaaaa;Virginie LABLACK;42 RUE VIGNON, 75009, PARIS;enrichi;2026-03-27 19:38:41.109887+00;2026-03-27 19:41:48.414195+00;REP0016;false;
50fef278-0a0b-4096-b353-ddb56aee170c;aaaaaaaa-aaaa-aaaa-aaaa-aaaaaaaaaaaa;Sergic Evry;;a_verifier;2026-03-27 19:38:41.109887+00;2026-03-27 19:41:32.851169+00;REP0006;false;
caf91ee1-6873-4fdd-b0a8-3b79a4d38d56;aaaaaaaa-aaaa-aaaa-aaaa-aaaaaaaaaaaa;A2I;47 AVENUE DE LA DIVISION LECLERC 95170 DEUIL-LA-BARRE;enrichi;2026-03-27 19:38:41.109887+00;2026-03-27 20:10:07.460578+00;REP0004;false;
0b1a2653-45a7-4e52-af47-35a5927d75b8;aaaaaaaa-aaaa-aaaa-aaaa-aaaaaaaaaaaa;ATRIUM GESTION;4 RUE D'ARGENSON 75008 PARIS;enrichi;2026-03-27 19:38:41.109887+00;2026-03-27 20:15:13.727911+00;REP0008;false;
d3b840b6-2a91-43d7-a187-a94c3e0bf725;aaaaaaaa-aaaa-aaaa-aaaa-aaaaaaaaaaaa;IFF GESTION;66 ROUTE DE SARTROUVILLE 78230 LE PECQ;enrichi;2026-03-27 19:38:41.109887+00;2026-03-27 21:22:29.996296+00;REP0008;false;
92a02417-16b5-4691-845d-1087cde4b527;aaaaaaaa-aaaa-aaaa-aaaa-aaaaaaaaaaaa;St-Quentin Gestion;;a_verifier;2026-03-27 19:38:41.109887+00;2026-03-27 19:41:34.980109+00;REP0007;false;
fcdc20ed-2aa2-45b4-b8c4-b5562f0b0e1a;aaaaaaaa-aaaa-aaaa-aaaa-aaaaaaaaaaaa;TiffenCogé;;a_verifier;2026-03-27 19:38:41.109887+00;2026-03-27 19:41:36.70349+00;REP0003;false;
55fb592f-6a6e-4690-ac0d-5030f5f447eb;aaaaaaaa-aaaa-aaaa-aaaa-aaaaaaaaaaaa;SERGIC EAUBONNE;35 AV DE PARIS 95600 EAUBONNE;enrichi;2026-03-27 19:38:41.109887+00;2026-03-27 21:28:13.240232+00;REP0008;false;
75fd4560-7581-4ce4-a0e9-24f1cd7d0ecd;aaaaaaaa-aaaa-aaaa-aaaa-aaaaaaaaaaaa;ABCDOMUS;337 LES BUREAUX DE LA COLLINE 92210 SAINT-CLOUD;enrichi;2026-03-27 19:38:41.109887+00;2026-03-27 21:41:34.850182+00;REP0008;false;
f1768fcb-9138-497a-9f7c-e84f0f1d0950;aaaaaaaa-aaaa-aaaa-aaaa-aaaaaaaaaaaa;SDC Villa Aristide : 58 av Aristide Briand, Antony;;non_traite;2026-03-31 14:38:02.543108+00;2026-03-31 14:38:02.543108+00;REP0006;false;
d410e707-502a-47a9-9b86-ac127734f144;aaaaaaaa-aaaa-aaaa-aaaa-aaaaaaaaaaaa;REAL 31 Maisons Laffitte;31 RUE DU PRIEURE, 78600, MAISONS-LAFFITTE;enrichi;2026-03-27 19:38:41.109887+00;2026-03-27 19:41:38.750181+00;REP0008;false;
ee24c7da-08c7-4c49-a0b0-a7484bbe368f;aaaaaaaa-aaaa-aaaa-aaaa-aaaaaaaaaaaa;SCI CSJB;;non_trouve;2026-03-27 19:38:41.109887+00;2026-03-27 19:41:39.686361+00;REP0011;false;
7b0fa2a1-f3f0-4719-a7d0-f0b7cc4f20d0;aaaaaaaa-aaaa-aaaa-aaaa-aaaaaaaaaaaa;SDC Le Mail : 4 allée Danielle Casanova, Achères;;non_traite;2026-03-31 14:38:02.543108+00;2026-04-10 13:57:17.565231+00;REP0008;true;
5802e504-2bc0-4def-a20f-b96066128cc6;aaaaaaaa-aaaa-aaaa-aaaa-aaaaaaaaaaaa;M. LACOURT;;non_traite;2026-03-31 14:38:02.543108+00;2026-03-31 14:38:02.543108+00;REP0008;false;
2f526912-a8a2-424c-9bd0-998d9a122368;aaaaaaaa-aaaa-aaaa-aaaa-aaaaaaaaaaaa;SDC Cabinet Dimora;;non_trouve;2026-03-27 19:38:41.109887+00;2026-03-27 19:41:41.302999+00;REP0002;false;
f051a8dd-0838-4513-a551-6a5c4b051d06;aaaaaaaa-aaaa-aaaa-aaaa-aaaaaaaaaaaa;SDC Foncia Vaucelles;;non_trouve;2026-03-27 19:38:41.109887+00;2026-03-27 19:41:41.929059+00;REP0002;false;
10e734de-8753-4564-b58a-d3b23cad844a;aaaaaaaa-aaaa-aaaa-aaaa-aaaaaaaaaaaa;SDC Le Square St Denis, Sembat / 4 Sept, St Denis;;non_traite;2026-03-31 14:38:02.543108+00;2026-03-31 14:38:02.543108+00;REP0004;false;
80b183ac-7944-4893-b39f-4d98a0474c77;aaaaaaaa-aaaa-aaaa-aaaa-aaaaaaaaaaaa;Solstyce;;a_verifier;2026-03-27 19:38:41.109887+00;2026-03-27 19:41:43.70805+00;REP0011;false;
54c9640d-5d4b-41ec-9643-62a37d55ee1a;aaaaaaaa-aaaa-aaaa-aaaa-aaaaaaaaaaaa;SOLSTYCE;;a_verifier;2026-03-27 19:38:41.109887+00;2026-04-08 14:58:22.052984+00;REP0011;false;
d6d49804-3564-402e-b9d3-d4d80e835ea1;aaaaaaaa-aaaa-aaaa-aaaa-aaaaaaaaaaaa;Syndic AVENIR;;a_verifier;2026-03-27 19:38:41.109887+00;2026-03-27 19:41:45.000617+00;REP0003;false;
b2493262-b7b3-485c-aed7-d0413ba56f35;aaaaaaaa-aaaa-aaaa-aaaa-aaaaaaaaaaaa;SYNDICEO;37 AVENUE DU ROULE, 92200, NEUILLY-SUR-SEINE;enrichi;2026-03-27 19:38:41.109887+00;2026-03-27 19:41:45.300591+00;REP0003;false;
131ff1ef-06c3-47eb-94ee-a6c93043e384;aaaaaaaa-aaaa-aaaa-aaaa-aaaaaaaaaaaa;SYNDIXIS Century 21;3 RUE DES CEVENNES, 91090, LISSES;enrichi;2026-03-27 19:38:41.109887+00;2026-03-27 19:41:45.62831+00;REP0003;false;
96e62930-17bc-443f-8677-855bfd4ff4cf;aaaaaaaa-aaaa-aaaa-aaaa-aaaaaaaaaaaa;Tassou Gestion;;a_verifier;2026-03-27 19:38:41.109887+00;2026-03-27 19:41:45.995757+00;REP0003;false;
bccfc2e9-49a5-49bb-bf7f-265946791066;aaaaaaaa-aaaa-aaaa-aaaa-aaaaaaaaaaaa;SDC SAINT GERMAIN (53 AV), MAISONS LAFFITTE;;non_traite;2026-03-31 14:38:02.543108+00;2026-04-10 13:57:20.339464+00;REP0008;true;
97d20806-884e-4ee7-bb79-7ce6cf666faa;aaaaaaaa-aaaa-aaaa-aaaa-aaaaaaaaaaaa;TURPIN IMMOBILIER;;a_verifier;2026-03-27 19:38:41.109887+00;2026-03-27 19:41:47.06033+00;REP0016;false;
ff176e46-e8d5-42e1-b21a-17b60b2dac08;aaaaaaaa-aaaa-aaaa-aaaa-aaaaaaaaaaaa;UGA DGD-PAT;;non_trouve;2026-03-27 19:38:41.109887+00;2026-03-27 19:41:47.355827+00;REP0002;false;
d61f4e1e-6532-498d-9138-6ce25c7aabb1;aaaaaaaa-aaaa-aaaa-aaaa-aaaaaaaaaaaa;Vertfoncié;2 RUE DU PLANT LOGER, 95330, DOMONT;enrichi;2026-03-27 19:38:41.109887+00;2026-03-27 19:41:47.65351+00;REP0004;false;
ff478b66-925e-467e-a1b1-20f519a933a6;aaaaaaaa-aaaa-aaaa-aaaa-aaaaaaaaaaaa;Hervé Damoizeau;19 CHE DES LAITIERES, 95230, SOISY-SOUS-MONTMORENCY;enrichi;2026-03-27 19:38:41.109887+00;2026-03-27 21:42:38.726475+00;REP0008;true;
e86aedac-63d5-4649-b4fd-45b61ad22330;aaaaaaaa-aaaa-aaaa-aaaa-aaaaaaaaaaaa;SDC A2BCD;;non_trouve;2026-03-27 19:38:41.109887+00;2026-03-27 21:44:03.36407+00;REP0008;true;
9ecc154c-169a-4b90-ad7d-18496b7e94e9;aaaaaaaa-aaaa-aaaa-aaaa-aaaaaaaaaaaa;SOCIETE GENERALE (SG);29 BOULEVARD HAUSSMANN 75009 PARIS;enrichi;2026-03-27 19:38:41.109887+00;2026-03-28 06:53:00.192997+00;REP0008;false;
b7df2b98-bb2a-4797-87b2-4358d1aa0c0e;aaaaaaaa-aaaa-aaaa-aaaa-aaaaaaaaaaaa;A2BCD (A2BCD) (CAGIF);44 RUE JEAN MERMOZ 78600 MAISONS-LAFFITTE;enrichi;2026-03-27 19:38:41.109887+00;2026-03-28 07:03:09.716555+00;REP0008;false;A2BCD
963d3374-c19a-49b2-b8f4-fb2f4bc6a278;aaaaaaaa-aaaa-aaaa-aaaa-aaaaaaaaaaaa;SDC  8 rue du 8 mai 1945, Bourg-la-Reine;;non_traite;2026-03-31 14:38:02.543108+00;2026-03-31 14:38:02.543108+00;REP0007;false;
af8117a1-94c5-4933-986b-ff17e0ccd464;aaaaaaaa-aaaa-aaaa-aaaa-aaaaaaaaaaaa;SDC 12 rue Arnoux, Bourg La Reine;;non_traite;2026-03-31 14:38:02.543108+00;2026-03-31 14:38:02.543108+00;REP0006;false;
6043e887-e110-407c-a370-48593703b6f1;aaaaaaaa-aaaa-aaaa-aaaa-aaaaaaaaaaaa;M Granger;;non_traite;2026-03-31 14:38:02.543108+00;2026-03-31 14:38:02.543108+00;REP0017;false;
8212213d-915d-44b8-8e85-e8783945cf10;aaaaaaaa-aaaa-aaaa-aaaa-aaaaaaaaaaaa;SDC RESIDENCE COTE PARC, Levallois Perret;;non_traite;2026-03-31 14:38:02.543108+00;2026-03-31 14:38:02.543108+00;REP0003;false;
e29c25f5-9bf3-48f5-8170-ef04ed638901;aaaaaaaa-aaaa-aaaa-aaaa-aaaaaaaaaaaa;SDC Clos des Impressionnistes, Croissy sur Seine;;non_traite;2026-03-31 14:38:02.543108+00;2026-03-31 14:38:02.543108+00;REP0007;false;
1f87838d-694d-4d0e-8cf3-ace8d9d2caf9;aaaaaaaa-aaaa-aaaa-aaaa-aaaaaaaaaaaa;SDC;;a_verifier;2026-03-27 19:38:41.109887+00;2026-04-13 19:31:48.952888+00;REP0008;false;
bcbc6e98-e454-44af-b307-3dff4d7c2efe;aaaaaaaa-aaaa-aaaa-aaaa-aaaaaaaaaaaa;SGA;;a_verifier;2026-03-27 19:38:41.109887+00;2026-04-08 14:58:22.052984+00;REP0007;false;
c3f55041-16c8-4d9a-a68d-d3fecd0400d9;aaaaaaaa-aaaa-aaaa-aaaa-aaaaaaaaaaaa;SDC Art de Vivre : 130 bd de la République, Chatou;;non_traite;2026-03-31 14:38:02.543108+00;2026-03-31 14:38:02.543108+00;REP0013;false;
411e112d-16d3-4505-9a6b-2dc5cff1c746;aaaaaaaa-aaaa-aaaa-aaaa-aaaaaaaaaaaa;SDC 25 Bis avenue Danielle Casanova St Gratien;;non_traite;2026-03-31 14:38:02.543108+00;2026-03-31 14:38:02.543108+00;REP0004;false;
b8ca06a0-0ada-4cff-8b62-8bd5187e45cf;aaaaaaaa-aaaa-aaaa-aaaa-aaaaaaaaaaaa;SDC 25 bis avenue Danielle Casanova St Gratien;;non_traite;2026-03-31 14:38:02.543108+00;2026-03-31 14:38:02.543108+00;REP0004;false;
84e5b816-6e70-478d-80b9-0af90906bf78;aaaaaaaa-aaaa-aaaa-aaaa-aaaaaaaaaaaa;SDC Les Amarelles MONTMORENCY;;non_traite;2026-03-31 14:38:02.543108+00;2026-03-31 14:38:02.543108+00;REP0004;false;
26ed0bfb-aa94-43b2-ae6c-2f9b6b516968;aaaaaaaa-aaaa-aaaa-aaaa-aaaaaaaaaaaa;SDC 31 rue Pasteur, Le Plessis-Bouchard;;non_traite;2026-04-02 15:09:01.530481+00;2026-04-10 13:57:14.317168+00;REP0008;true;
6ff788cd-ffce-4bb8-8d3d-2285789cf346;aaaaaaaa-aaaa-aaaa-aaaa-aaaaaaaaaaaa;L2CA;2 BOULEVARD CALMETTE 78200 MANTES-LA-JOLIE;enrichi;2026-03-27 19:38:41.109887+00;2026-04-01 15:03:57.895685+00;REP0008;false;SOUPIZET IMMOBILIER ACHERES
4d4c15f2-b1c0-4c61-9971-9011cfe5bc4c;aaaaaaaa-aaaa-aaaa-aaaa-aaaaaaaaaaaa;SDC 18 rue de Clamart BOULOGNE-BILLANCOURT;;non_traite;2026-04-02 15:09:01.530481+00;2026-04-02 15:09:01.530481+00;REP0017;false;
0dc7a3a4-c2b0-47c5-a7a0-395fbe0a7319;aaaaaaaa-aaaa-aaaa-aaaa-aaaaaaaaaaaa;SDC Résid de Saint-Michel, Saint-Michel Sur Orge;;non_traite;2026-04-02 15:09:01.530481+00;2026-04-02 15:09:01.530481+00;REP0006;false;
00a1d830-fdcd-45c8-835d-5accb1ebdc02;aaaaaaaa-aaaa-aaaa-aaaa-aaaaaaaaaaaa;SDC O VILLAGE : 2-4 Chaussée, St-Brice sous Forêt;;non_traite;2026-04-02 15:09:01.530481+00;2026-04-02 15:09:01.530481+00;REP0013;false;
42a1c356-f0d5-452e-a89f-28998815497b;aaaaaaaa-aaaa-aaaa-aaaa-aaaaaaaaaaaa;SDC Le clos Princesse, Taverny;;non_traite;2026-04-02 15:09:01.530481+00;2026-04-02 15:09:01.530481+00;REP0013;false;
28226d15-83af-4b73-86d9-69d64e7eb7c0;aaaaaaaa-aaaa-aaaa-aaaa-aaaaaaaaaaaa;SDC 144 rue Aristide Briand 92300 Levallois-Perret;;non_traite;2026-04-02 15:09:01.530481+00;2026-04-02 15:09:01.530481+00;REP0003;false;
28689fdb-3b07-4b1c-9a8e-56514274680b;aaaaaaaa-aaaa-aaaa-aaaa-aaaaaaaaaaaa;SDC Résidence les Belles Feuilles, Taverny;;non_traite;2026-04-02 15:09:01.530481+00;2026-04-02 15:09:01.530481+00;REP0007;false;
f81a1e98-0210-4467-9970-185cb1cfd66d;aaaaaaaa-aaaa-aaaa-aaaa-aaaaaaaaaaaa;SDC Résidence OXYGENE TERRAIN A, Taverny;;non_traite;2026-04-02 15:09:01.530481+00;2026-04-02 15:09:01.530481+00;REP0004;false;
4761f37c-c985-491b-a8c5-65b747dfc6e8;aaaaaaaa-aaaa-aaaa-aaaa-aaaaaaaaaaaa;SDC 8/10 rue Saint Guillaume, Courbevoie;;non_traite;2026-04-02 15:09:01.530481+00;2026-04-02 15:09:01.530481+00;REP0016;false;
b69d175d-332c-4343-8d12-8e65f37644f0;aaaaaaaa-aaaa-aaaa-aaaa-aaaaaaaaaaaa;SDC 5 rue du Printemps, 75017 Paris;;non_traite;2026-04-02 15:09:01.530481+00;2026-04-02 15:09:01.530481+00;REP0003;false;
43bd3f2c-ebf0-4ae4-91eb-8d6ac2cfa7e7;aaaaaaaa-aaaa-aaaa-aaaa-aaaaaaaaaaaa;SDC Les Bussys, 10 Camille Desmoulins, Eaubonne;;non_traite;2026-04-02 15:09:01.530481+00;2026-04-02 15:09:01.530481+00;REP0016;false;
5b6537ee-198d-4b3f-a5e8-071eefae1295;aaaaaaaa-aaaa-aaaa-aaaa-aaaaaaaaaaaa;SDC Villa Claude Monet, Carrières sur Seine;;non_traite;2026-04-02 15:09:01.530481+00;2026-04-02 15:09:01.530481+00;REP0013;false;
f16a1e5d-76a6-4570-88b1-a06dd04a5f2c;aaaaaaaa-aaaa-aaaa-aaaa-aaaaaaaaaaaa;SDC 8 rue Marcelin Berthelot, Saint Gratien;;non_traite;2026-04-02 15:09:01.530481+00;2026-04-02 15:09:01.530481+00;REP0013;false;
a533cc86-8ab8-4908-977e-89dc1092e2c9;aaaaaaaa-aaaa-aaaa-aaaa-aaaaaaaaaaaa;SDC Rsd Les Tribunes de Saint-Cloud, St Cloud;;non_traite;2026-04-02 15:09:01.530481+00;2026-04-02 15:09:01.530481+00;REP0016;false;
d3b6cf8e-bc3c-48b5-a8af-94eb71448d90;aaaaaaaa-aaaa-aaaa-aaaa-aaaaaaaaaaaa;SDC Les Jardins du Sud, Chevilly la Rue;;non_traite;2026-04-02 15:09:01.530481+00;2026-04-02 15:09:01.530481+00;REP0007;false;
597beec4-fa5b-49e5-b7b7-5d1cd524d341;aaaaaaaa-aaaa-aaaa-aaaa-aaaaaaaaaaaa;SDC COURS DES LONGS PRES, Boulogne Billancourt;;non_traite;2026-04-02 15:09:01.530481+00;2026-04-02 15:09:01.530481+00;REP0017;false;
b71caf26-ae86-4933-8579-f78590611195;aaaaaaaa-aaaa-aaaa-aaaa-aaaaaaaaaaaa;EDIFART;;non_traite;2026-04-02 15:09:01.530481+00;2026-04-02 15:09:01.530481+00;REP0017;false;
c883c18c-605d-4ea9-a53c-6a19317fb91a;aaaaaaaa-aaaa-aaaa-aaaa-aaaaaaaaaaaa;Foncia Agence Centrale - Montrouge;;non_traite;2026-04-08 14:58:22.052984+00;2026-04-08 14:58:22.052984+00;REP0017;false;
354e5197-529f-4071-808a-9c0b4da1257d;aaaaaaaa-aaaa-aaaa-aaaa-aaaaaaaaaaaa;ALTOSEQUANAIS;;a_verifier;2026-03-27 19:38:41.109887+00;2026-04-08 14:58:22.052984+00;REP0017;false;
7e14f879-e005-41ac-b150-aaf8bc1d8f7a;aaaaaaaa-aaaa-aaaa-aaaa-aaaaaaaaaaaa;Loiselet et Daigremont Versailles;;a_verifier;2026-03-27 19:38:41.109887+00;2026-04-08 14:58:22.052984+00;REP0017;false;
d5437dcf-1b67-4e56-81a3-318941b0f5f6;aaaaaaaa-aaaa-aaaa-aaaa-aaaaaaaaaaaa;Cabinet Rinaldi;;non_traite;2026-04-08 14:58:22.052984+00;2026-04-08 14:58:22.052984+00;REP0004;false;
3ee61f72-8313-474e-b183-2266a7b7bf35;aaaaaaaa-aaaa-aaaa-aaaa-aaaaaaaaaaaa;Ecole Saint-Joseph;;non_traite;2026-04-08 14:58:22.052984+00;2026-04-08 14:58:22.052984+00;REP0008;false;
d5cc84e7-5dda-48e3-a44a-df4b270b267f;aaaaaaaa-aaaa-aaaa-aaaa-aaaaaaaaaaaa;GML IMMO;136 AV DU PDT GILBERT DE VOISINS 78670 VILLENNES-SUR-SEINE;enrichi;2026-03-27 19:38:41.109887+00;2026-04-08 14:58:22.052984+00;REP0007;false;
3c9a0688-5ada-4965-83c5-c6b206fcb693;aaaaaaaa-aaaa-aaaa-aaaa-aaaaaaaaaaaa;Institution Jeanne d'Arc;;non_traite;2026-04-08 14:58:22.052984+00;2026-04-08 14:58:22.052984+00;REP0008;false;
8be6b1ce-8967-43d3-8d18-0b4429aab167;aaaaaaaa-aaaa-aaaa-aaaa-aaaaaaaaaaaa;Cyclades Gestion;;a_verifier;2026-03-27 19:38:41.109887+00;2026-04-08 14:58:22.052984+00;REP0016;false;
d8eac728-8fbb-4ed2-b1fa-3a9a7be0bba7;aaaaaaaa-aaaa-aaaa-aaaa-aaaaaaaaaaaa;IFF Gestion;;non_traite;2026-04-08 14:58:22.052984+00;2026-04-08 14:58:22.052984+00;REP0008;false;
71039a72-2a4b-41fd-b4e3-9e0ba9699942;aaaaaaaa-aaaa-aaaa-aaaa-aaaaaaaaaaaa;SDC 5 rue Saint-Christophe, Saint-Germain en Laye;;non_traite;2026-04-02 15:09:01.530481+00;2026-04-10 13:57:15.479758+00;REP0008;true;
2c675492-6371-4fa6-9c07-dec9a8556960;aaaaaaaa-aaaa-aaaa-aaaa-aaaaaaaaaaaa;Cabinet Jourdan - Asnières sur Seine;;non_traite;2026-04-10 10:56:49.431964+00;2026-04-10 10:56:49.431964+00;Jean-Baptiste AUGUSTE;false;
63d87996-291f-4092-b4b4-99f29d35c647;aaaaaaaa-aaaa-aaaa-aaaa-aaaaaaaaaaaa;Cabinet Betti;;non_traite;2026-04-10 10:56:49.431964+00;2026-04-10 10:56:49.431964+00;Albertino MARTINS;false;
243d3c8b-554c-46b8-b0e4-db404c867219;aaaaaaaa-aaaa-aaaa-aaaa-aaaaaaaaaaaa;Cogesco;;a_verifier;2026-03-27 19:38:41.109887+00;2026-04-10 10:56:49.431964+00;Jean-Baptiste AUGUSTE;false;
e62005b4-3f6d-4e36-8fa1-1540f333b035;aaaaaaaa-aaaa-aaaa-aaaa-aaaaaaaaaaaa;ORPI Agence du marché;72 RUE DU GENERAL LECLERC, 77540, ROZAY-EN-BRIE;enrichi;2026-03-27 19:38:41.109887+00;2026-04-10 10:56:49.431964+00;Simon NADAL;false;
4013d4b4-cff5-420b-843d-fd08d6bd3a42;aaaaaaaa-aaaa-aaaa-aaaa-aaaaaaaaaaaa;Cabinet Sogesym;;non_traite;2026-04-08 14:58:22.052984+00;2026-04-10 10:56:49.431964+00;Julien DE AMORIM;false;
01f791f4-1b88-4c20-926b-44bb2a9ff2a1;aaaaaaaa-aaaa-aaaa-aaaa-aaaaaaaaaaaa;TRIARC Immobilier;20 RUE LAVOISIER, 95300, PONTOISE;enrichi;2026-03-27 19:38:41.109887+00;2026-04-10 10:56:49.431964+00;Albertino MARTINS;false;
3d0a9568-f484-4b04-997d-269ff8d66354;aaaaaaaa-aaaa-aaaa-aaaa-aaaaaaaaaaaa;YALNIZIAN Jacques;;non_traite;2026-04-10 10:56:49.431964+00;2026-04-10 10:56:49.431964+00;Sylvain BRETELLE;false;
6ff08b53-fd9d-476f-8f06-0c8d7924b11b;aaaaaaaa-aaaa-aaaa-aaaa-aaaaaaaaaaaa;SDC Le Clos Buzot, Saint Germain en Laye;;non_traite;2026-04-02 15:09:01.530481+00;2026-04-10 13:57:16.395825+00;REP0008;true;
2b56a908-eaee-467f-a42d-5fbf43bb71cb;aaaaaaaa-aaaa-aaaa-aaaa-aaaaaaaaaaaa;SDC Les Rives de Laffitte 78600 Maisons-Laffitte;;non_traite;2026-03-31 14:38:02.543108+00;2026-04-10 13:57:18.610181+00;REP0008;true;
7171d735-bd6b-4996-96ab-d7dca8b59401;aaaaaaaa-aaaa-aaaa-aaaa-aaaaaaaaaaaa;SDC LES TOURMALINES, CHATOU;;non_traite;2026-04-02 15:09:01.530481+00;2026-04-10 13:57:19.513615+00;REP0008;true;
ae296883-3a5e-4373-838e-4cb246864edd;aaaaaaaa-aaaa-aaaa-aaaa-aaaaaaaaaaaa;SDC Villa Montgolfier, 169 République, Satrouville;;non_traite;2026-04-02 15:09:01.530481+00;2026-04-10 13:57:21.160869+00;REP0008;true;
5c7842a0-b01d-40db-ac01-757a405f7a6b;aaaaaaaa-aaaa-aaaa-aaaa-aaaaaaaaaaaa;SENAC;;non_traite;2026-04-12 18:34:48.458223+00;2026-04-12 18:34:48.458223+00;REP0008;false;
88c1d2d9-14cc-4d45-97a1-69de2950f72b;aaaaaaaa-aaaa-aaaa-aaaa-aaaaaaaaaaaa;CABINET LOISELET PERE FILS ET DAIGREMONT (LD);3 ALLEE HECTOR BERLIOZ 95130 FRANCONVILLE;enrichi;2026-03-27 19:38:41.109887+00;2026-04-14 06:48:51.58387+00;REP0008;false;CABINET LOISELET ET DRAIGREMONT FRANCONVILLE